<?xml version="1.0" encoding="UTF-8" standalone="yes"?>
<service serviceGroup="" cachable="false" cacheduration="" description="" endpoint="default" groupType="" id="spreadsheets_create" passwordencrypted="false" security="authorized_app_user" type="jsonConnector" smscode="" smsenabled="false">
    <service-config>
        <config-param api-version="" appid="" name="preprocessorname" value=""/>
        <config-param api-version="" appid="" name="postprocessorname" value=""/>
        <config-param api-version="" appid="" name="preprocessorJS" value=""/>
        <config-param api-version="" appid="" name="postprocessorJS" value=""/>
        <config-param api-version="" appid="" name="endpointUrl" value="https://sheets.googleapis.com/v4/spreadsheets"/>
        <config-param api-version="" appid="" name="ignorehttpproxy" value="true"/>
        <config-param api-version="" appid="" name="http.method" value="POST"/>
        <config-param api-version="" appid="" name="dataObjectName" value=""/>
        <config-param api-version="" appid="" name="sockettimeout" value=""/>
        <config-param api-version="" appid="" name="responseEncoding" value="UTF-8"/>
        <config-param api-version="" appid="" name="isembedxmlpresent" value="false"/>
        <config-param api-version="" appid="" name="retrycount" value="0"/>
        <config-param api-version="" appid="" name="identityProvider" value="reusableGoogleLogin"/>
        <config-param api-version="" appid="" name="identityProviderType" value="oauth2"/>
    </service-config>
    <service-input passthrough="false">
        <header datatype="" name="" passthrough="false"/>
        <param datatype="string" defaultvalue="" description="" encode="true" format="None" formatvalue="" name="spreadsheetId" order="" passnull="false" sms-name="" src="request" sourcevalue="" srcformatvalue="" target="request" targetdatatype="java.lang.String" testvalue="" value="">
            <accessType></accessType>
        </param>
        <param datatype="string" defaultvalue="" description="" encode="true" format="None" formatvalue="" name="spreadsheetUrl" order="" passnull="false" sms-name="" src="request" sourcevalue="" srcformatvalue="" target="request" targetdatatype="java.lang.String" testvalue="" value="">
            <accessType></accessType>
        </param>
        <param datatype="string" defaultvalue="" description="" encode="true" format="None" formatvalue="" name="title" order="" passnull="false" sms-name="" src="request" sourcevalue="" srcformatvalue="" target="request" targetdatatype="java.lang.String" testvalue="Test Spreadsheet" value="">
            <accessType></accessType>
        </param>
        <param datatype="string" defaultvalue="" description="" encode="true" format="None" formatvalue="" name="locale" order="" passnull="false" sms-name="" src="request" sourcevalue="" srcformatvalue="" target="request" targetdatatype="java.lang.String" testvalue="" value="">
            <accessType></accessType>
        </param>
        <param datatype="string" defaultvalue="RECALCULATION_INTERVAL_UNSPECIFIED" description="" encode="true" format="None" formatvalue="" name="autoRecalc" order="" passnull="false" sms-name="" src="request" sourcevalue="" srcformatvalue="" target="request" targetdatatype="java.lang.String" testvalue="" value="RECALCULATION_INTERVAL_UNSPECIFIED">
            <accessType></accessType>
        </param>
        <param datatype="string" defaultvalue="" description="" encode="true" format="None" formatvalue="" name="timeZone" order="" passnull="false" sms-name="" src="request" sourcevalue="" srcformatvalue="" target="request" targetdatatype="java.lang.String" testvalue="" value="">
            <accessType></accessType>
        </param>
        <param datatype="string" defaultvalue="NUMBER_FORMAT_TYPE_UNSPECIFIED" description="" encode="true" format="None" formatvalue="" name="numberformat_type" order="" passnull="false" sms-name="" src="request" sourcevalue="" srcformatvalue="" target="request" targetdatatype="java.lang.String" testvalue="" value="NUMBER_FORMAT_TYPE_UNSPECIFIED">
            <accessType></accessType>
        </param>
        <param datatype="string" defaultvalue="" description="" encode="true" format="None" formatvalue="" name="numberformat_pattern" order="" passnull="false" sms-name="" src="request" sourcevalue="" srcformatvalue="" target="request" targetdatatype="java.lang.String" testvalue="" value="">
            <accessType></accessType>
        </param>
        <param datatype="number" defaultvalue="0" description="" encode="true" format="None" formatvalue="" name="backgroundColor_red" order="" passnull="false" sms-name="" src="request" sourcevalue="" srcformatvalue="" target="request" targetdatatype="java.lang.String" testvalue="" value="0">
            <accessType></accessType>
        </param>
        <param datatype="number" defaultvalue="0" description="" encode="true" format="None" formatvalue="" name="backgroundColor_green" order="" passnull="false" sms-name="" src="request" sourcevalue="" srcformatvalue="" target="request" targetdatatype="java.lang.String" testvalue="" value="0">
            <accessType></accessType>
        </param>
        <param datatype="number" defaultvalue="0" description="" encode="true" format="None" formatvalue="" name="backgroundColor_blue" order="" passnull="false" sms-name="" src="request" sourcevalue="" srcformatvalue="" target="request" targetdatatype="java.lang.String" testvalue="" value="0">
            <accessType></accessType>
        </param>
        <param datatype="number" defaultvalue="0" description="" encode="true" format="None" formatvalue="" name="backgroundColor_alpha" order="" passnull="false" sms-name="" src="request" sourcevalue="" srcformatvalue="" target="request" targetdatatype="java.lang.String" testvalue="" value="0">
            <accessType></accessType>
        </param>
        <param datatype="string" defaultvalue="STYLE_UNSPECIFIED" description="" encode="true" format="None" formatvalue="" name="border_top_style" order="" passnull="false" sms-name="" src="request" sourcevalue="" srcformatvalue="" target="request" targetdatatype="java.lang.String" testvalue="" value="STYLE_UNSPECIFIED">
            <accessType></accessType>
        </param>
        <param datatype="number" defaultvalue="1" description="" encode="true" format="None" formatvalue="" name="border_top_width" order="" passnull="false" sms-name="" src="request" sourcevalue="" srcformatvalue="" target="request" targetdatatype="java.lang.String" testvalue="" value="1">
            <accessType></accessType>
        </param>
        <param datatype="number" defaultvalue="0" description="" encode="true" format="None" formatvalue="" name="border_top_red" order="" passnull="false" sms-name="" src="request" sourcevalue="" srcformatvalue="" target="request" targetdatatype="java.lang.String" testvalue="" value="0">
            <accessType></accessType>
        </param>
        <param datatype="number" defaultvalue="0" description="" encode="true" format="None" formatvalue="" name="border_top_green" order="" passnull="false" sms-name="" src="request" sourcevalue="" srcformatvalue="" target="request" targetdatatype="java.lang.String" testvalue="" value="0">
            <accessType></accessType>
        </param>
        <param datatype="number" defaultvalue="0" description="" encode="true" format="None" formatvalue="" name="border_top_blue" order="" passnull="false" sms-name="" src="request" sourcevalue="" srcformatvalue="" target="request" targetdatatype="java.lang.String" testvalue="" value="0">
            <accessType></accessType>
        </param>
        <param datatype="number" defaultvalue="0" description="" encode="true" format="None" formatvalue="" name="border_top_alpha" order="" passnull="false" sms-name="" src="request" sourcevalue="" srcformatvalue="" target="request" targetdatatype="java.lang.String" testvalue="" value="0">
            <accessType></accessType>
        </param>
        <param datatype="string" defaultvalue="STYLE_UNSPECIFIED" description="" encode="true" format="None" formatvalue="" name="border_bottom_style" order="" passnull="false" sms-name="" src="request" sourcevalue="" srcformatvalue="" target="request" targetdatatype="java.lang.String" testvalue="" value="STYLE_UNSPECIFIED">
            <accessType></accessType>
        </param>
        <param datatype="number" defaultvalue="1" description="" encode="true" format="None" formatvalue="" name="border_bottom_width" order="" passnull="false" sms-name="" src="request" sourcevalue="" srcformatvalue="" target="request" targetdatatype="java.lang.String" testvalue="" value="1">
            <accessType></accessType>
        </param>
        <param datatype="number" defaultvalue="0" description="" encode="true" format="None" formatvalue="" name="border_bottom_red" order="" passnull="false" sms-name="" src="request" sourcevalue="" srcformatvalue="" target="request" targetdatatype="java.lang.String" testvalue="" value="0">
            <accessType></accessType>
        </param>
        <param datatype="number" defaultvalue="0" description="" encode="true" format="None" formatvalue="" name="border_bottom_green" order="" passnull="false" sms-name="" src="request" sourcevalue="" srcformatvalue="" target="request" targetdatatype="java.lang.String" testvalue="" value="0">
            <accessType></accessType>
        </param>
        <param datatype="number" defaultvalue="0" description="" encode="true" format="None" formatvalue="" name="border_bottom_blue" order="" passnull="false" sms-name="" src="request" sourcevalue="" srcformatvalue="" target="request" targetdatatype="java.lang.String" testvalue="" value="0">
            <accessType></accessType>
        </param>
        <param datatype="number" defaultvalue="0" description="" encode="true" format="None" formatvalue="" name="border_bottom_alpha" order="" passnull="false" sms-name="" src="request" sourcevalue="" srcformatvalue="" target="request" targetdatatype="java.lang.String" testvalue="" value="0">
            <accessType></accessType>
        </param>
        <param datatype="string" defaultvalue="STYLE_UNSPECIFIED" description="" encode="true" format="None" formatvalue="" name="border_left_style" order="" passnull="false" sms-name="" src="request" sourcevalue="" srcformatvalue="" target="request" targetdatatype="java.lang.String" testvalue="" value="STYLE_UNSPECIFIED">
            <accessType></accessType>
        </param>
        <param datatype="number" defaultvalue="1" description="" encode="true" format="None" formatvalue="" name="border_left_width" order="" passnull="false" sms-name="" src="request" sourcevalue="" srcformatvalue="" target="request" targetdatatype="java.lang.String" testvalue="" value="1">
            <accessType></accessType>
        </param>
        <param datatype="number" defaultvalue="0" description="" encode="true" format="None" formatvalue="" name="border_left_red" order="" passnull="false" sms-name="" src="request" sourcevalue="" srcformatvalue="" target="request" targetdatatype="java.lang.String" testvalue="" value="0">
            <accessType></accessType>
        </param>
        <param datatype="number" defaultvalue="0" description="" encode="true" format="None" formatvalue="" name="border_left_green" order="" passnull="false" sms-name="" src="request" sourcevalue="" srcformatvalue="" target="request" targetdatatype="java.lang.String" testvalue="" value="0">
            <accessType></accessType>
        </param>
        <param datatype="number" defaultvalue="0" description="" encode="true" format="None" formatvalue="" name="border_left_blue" order="" passnull="false" sms-name="" src="request" sourcevalue="" srcformatvalue="" target="request" targetdatatype="java.lang.String" testvalue="" value="0">
            <accessType></accessType>
        </param>
        <param datatype="number" defaultvalue="0" description="" encode="true" format="None" formatvalue="" name="border_left_alpha" order="" passnull="false" sms-name="" src="request" sourcevalue="" srcformatvalue="" target="request" targetdatatype="java.lang.String" testvalue="" value="0">
            <accessType></accessType>
        </param>
        <param datatype="string" defaultvalue="STYLE_UNSPECIFIED" description="" encode="true" format="None" formatvalue="" name="border_right_style" order="" passnull="false" sms-name="" src="request" sourcevalue="" srcformatvalue="" target="request" targetdatatype="java.lang.String" testvalue="" value="STYLE_UNSPECIFIED">
            <accessType></accessType>
        </param>
        <param datatype="number" defaultvalue="1" description="" encode="true" format="None" formatvalue="" name="border_right_width" order="" passnull="false" sms-name="" src="request" sourcevalue="" srcformatvalue="" target="request" targetdatatype="java.lang.String" testvalue="" value="1">
            <accessType></accessType>
        </param>
        <param datatype="number" defaultvalue="0" description="" encode="true" format="None" formatvalue="" name="border_right_red" order="" passnull="false" sms-name="" src="request" sourcevalue="" srcformatvalue="" target="request" targetdatatype="java.lang.String" testvalue="" value="0">
            <accessType></accessType>
        </param>
        <param datatype="number" defaultvalue="0" description="" encode="true" format="None" formatvalue="" name="border_right_green" order="" passnull="false" sms-name="" src="request" sourcevalue="" srcformatvalue="" target="request" targetdatatype="java.lang.String" testvalue="" value="0">
            <accessType></accessType>
        </param>
        <param datatype="number" defaultvalue="0" description="" encode="true" format="None" formatvalue="" name="border_right_blue" order="" passnull="false" sms-name="" src="request" sourcevalue="" srcformatvalue="" target="request" targetdatatype="java.lang.String" testvalue="" value="0">
            <accessType></accessType>
        </param>
        <param datatype="number" defaultvalue="0" description="" encode="true" format="None" formatvalue="" name="border_right_alpha" order="" passnull="false" sms-name="" src="request" sourcevalue="" srcformatvalue="" target="request" targetdatatype="java.lang.String" testvalue="" value="0">
            <accessType></accessType>
        </param>
        <param datatype="string" defaultvalue="HORIZONTAL_ALIGN_UNSPECIFIED" description="" encode="true" format="None" formatvalue="" name="horizontalAlignment" order="" passnull="false" sms-name="" src="request" sourcevalue="" srcformatvalue="" target="request" targetdatatype="java.lang.String" testvalue="" value="HORIZONTAL_ALIGN_UNSPECIFIED">
            <accessType></accessType>
        </param>
        <param datatype="string" defaultvalue="VERTICAL_ALIGN_UNSPECIFIED" description="" encode="true" format="None" formatvalue="" name="verticalAlignment" order="" passnull="false" sms-name="" src="request" sourcevalue="" srcformatvalue="" target="request" targetdatatype="java.lang.String" testvalue="" value="VERTICAL_ALIGN_UNSPECIFIED">
            <accessType></accessType>
        </param>
        <param datatype="string" defaultvalue="WRAP_STRATEGY_UNSPECIFIED" description="" encode="true" format="None" formatvalue="" name="wrapStrategy" order="" passnull="false" sms-name="" src="request" sourcevalue="" srcformatvalue="" target="request" targetdatatype="java.lang.String" testvalue="" value="WRAP_STRATEGY_UNSPECIFIED">
            <accessType></accessType>
        </param>
        <param datatype="string" defaultvalue="TEXT_DIRECTION_UNSPECIFIED" description="" encode="true" format="None" formatvalue="" name="textDirection" order="" passnull="false" sms-name="" src="request" sourcevalue="" srcformatvalue="" target="request" targetdatatype="java.lang.String" testvalue="" value="TEXT_DIRECTION_UNSPECIFIED">
            <accessType></accessType>
        </param>
        <param datatype="number" defaultvalue="0" description="" encode="true" format="None" formatvalue="" name="foregroundColor_red" order="" passnull="false" sms-name="" src="request" sourcevalue="" srcformatvalue="" target="request" targetdatatype="java.lang.String" testvalue="" value="0">
            <accessType></accessType>
        </param>
        <param datatype="number" defaultvalue="0" description="" encode="true" format="None" formatvalue="" name="foregroundColor_green" order="" passnull="false" sms-name="" src="request" sourcevalue="" srcformatvalue="" target="request" targetdatatype="java.lang.String" testvalue="" value="0">
            <accessType></accessType>
        </param>
        <param datatype="number" defaultvalue="0" description="" encode="true" format="None" formatvalue="" name="foregroundColor_blue" order="" passnull="false" sms-name="" src="request" sourcevalue="" srcformatvalue="" target="request" targetdatatype="java.lang.String" testvalue="" value="0">
            <accessType></accessType>
        </param>
        <param datatype="number" defaultvalue="0" description="" encode="true" format="None" formatvalue="" name="foregroundColor_alpha" order="" passnull="false" sms-name="" src="request" sourcevalue="" srcformatvalue="" target="request" targetdatatype="java.lang.String" testvalue="" value="0">
            <accessType></accessType>
        </param>
        <param datatype="string" defaultvalue="" description="" encode="true" format="None" formatvalue="" name="fontFamily" order="" passnull="false" sms-name="" src="request" sourcevalue="" srcformatvalue="" target="request" targetdatatype="java.lang.String" testvalue="" value="">
            <accessType></accessType>
        </param>
        <param datatype="number" defaultvalue="10" description="" encode="true" format="None" formatvalue="" name="fontSize" order="" passnull="false" sms-name="" src="request" sourcevalue="" srcformatvalue="" target="request" targetdatatype="java.lang.String" testvalue="" value="10">
            <accessType></accessType>
        </param>
        <param datatype="boolean" defaultvalue="false" description="" encode="true" format="None" formatvalue="" name="bold" order="" passnull="false" sms-name="" src="request" sourcevalue="" srcformatvalue="" target="request" targetdatatype="java.lang.String" testvalue="" value="false">
            <accessType></accessType>
        </param>
        <param datatype="boolean" defaultvalue="false" description="" encode="true" format="None" formatvalue="" name="italic" order="" passnull="false" sms-name="" src="request" sourcevalue="" srcformatvalue="" target="request" targetdatatype="java.lang.String" testvalue="" value="false">
            <accessType></accessType>
        </param>
        <param datatype="boolean" defaultvalue="false" description="" encode="true" format="None" formatvalue="" name="strikethrough" order="" passnull="false" sms-name="" src="request" sourcevalue="" srcformatvalue="" target="request" targetdatatype="java.lang.String" testvalue="" value="false">
            <accessType></accessType>
        </param>
        <param datatype="boolean" defaultvalue="false" description="" encode="true" format="None" formatvalue="" name="underline" order="" passnull="false" sms-name="" src="request" sourcevalue="" srcformatvalue="" target="request" targetdatatype="java.lang.String" testvalue="" value="false">
            <accessType></accessType>
        </param>
        <param datatype="string" defaultvalue="HYPERLINK_DISPLAY_TYPE_UNSPECIFIED" description="" encode="true" format="None" formatvalue="" name="hyperlinkDisplayType" order="" passnull="false" sms-name="" src="request" sourcevalue="" srcformatvalue="" target="request" targetdatatype="java.lang.String" testvalue="" value="HYPERLINK_DISPLAY_TYPE_UNSPECIFIED">
            <accessType></accessType>
        </param>
        <param datatype="number" defaultvalue="0" description="" encode="true" format="None" formatvalue="" name="textRotation_angle" order="" passnull="false" sms-name="" src="request" sourcevalue="" srcformatvalue="" target="request" targetdatatype="java.lang.String" testvalue="" value="0">
            <accessType></accessType>
        </param>
        <param datatype="boolean" defaultvalue="false" description="" encode="true" format="None" formatvalue="" name="textRotation_vertical" order="" passnull="false" sms-name="" src="request" sourcevalue="" srcformatvalue="" target="request" targetdatatype="java.lang.String" testvalue="" value="false">
            <accessType></accessType>
        </param>
        <param datatype="number" defaultvalue="1000" description="" encode="true" format="None" formatvalue="" name="maxIterations" order="" passnull="false" sms-name="" src="request" sourcevalue="" srcformatvalue="" target="request" targetdatatype="java.lang.String" testvalue="" value="1000">
            <accessType></accessType>
        </param>
        <param datatype="number" defaultvalue="10" description="" encode="true" format="None" formatvalue="" name="convergenceThreshold" order="" passnull="false" sms-name="" src="request" sourcevalue="" srcformatvalue="" target="request" targetdatatype="java.lang.String" testvalue="" value="10">
            <accessType></accessType>
        </param>
        <param datatype="number" defaultvalue="0101" description="" encode="true" format="None" formatvalue="" name="sheet_sheetId" order="" passnull="false" sms-name="" src="request" sourcevalue="" srcformatvalue="" target="request" targetdatatype="java.lang.String" testvalue="" value="0101">
            <accessType></accessType>
        </param>
        <param datatype="string" defaultvalue="" description="" encode="true" format="None" formatvalue="" name="sheet_title" order="" passnull="false" sms-name="" src="request" sourcevalue="" srcformatvalue="" target="request" targetdatatype="java.lang.String" testvalue="" value="">
            <accessType></accessType>
        </param>
        <param datatype="number" defaultvalue="1" description="" encode="true" format="None" formatvalue="" name="sheet_index" order="" passnull="false" sms-name="" src="request" sourcevalue="" srcformatvalue="" target="request" targetdatatype="java.lang.String" testvalue="" value="1">
            <accessType></accessType>
        </param>
        <param datatype="string" defaultvalue="SHEET_TYPE_UNSPECIFIED" description="" encode="true" format="None" formatvalue="" name="sheetType" order="" passnull="false" sms-name="" src="request" sourcevalue="" srcformatvalue="" target="request" targetdatatype="java.lang.String" testvalue="" value="SHEET_TYPE_UNSPECIFIED">
            <accessType></accessType>
        </param>
        <param datatype="number" defaultvalue="10" description="" encode="true" format="None" formatvalue="" name="rowCount" order="" passnull="false" sms-name="" src="request" sourcevalue="" srcformatvalue="" target="request" targetdatatype="java.lang.String" testvalue="" value="10">
            <accessType></accessType>
        </param>
        <param datatype="number" defaultvalue="10" description="" encode="true" format="None" formatvalue="" name="columnCount" order="" passnull="false" sms-name="" src="request" sourcevalue="" srcformatvalue="" target="request" targetdatatype="java.lang.String" testvalue="" value="10">
            <accessType></accessType>
        </param>
        <param datatype="number" defaultvalue="0" description="" encode="true" format="None" formatvalue="" name="frozenRowCount" order="" passnull="false" sms-name="" src="request" sourcevalue="" srcformatvalue="" target="request" targetdatatype="java.lang.String" testvalue="" value="0">
            <accessType></accessType>
        </param>
        <param datatype="number" defaultvalue="0" description="" encode="true" format="None" formatvalue="" name="frozenColumnCount" order="" passnull="false" sms-name="" src="request" sourcevalue="" srcformatvalue="" target="request" targetdatatype="java.lang.String" testvalue="" value="0">
            <accessType></accessType>
        </param>
        <param datatype="boolean" defaultvalue="false" description="" encode="true" format="None" formatvalue="" name="hideGridlines" order="" passnull="false" sms-name="" src="request" sourcevalue="" srcformatvalue="" target="request" targetdatatype="java.lang.String" testvalue="" value="false">
            <accessType></accessType>
        </param>
        <param datatype="boolean" defaultvalue="false" description="" encode="true" format="None" formatvalue="" name="sheet_hidden" order="" passnull="false" sms-name="" src="request" sourcevalue="" srcformatvalue="" target="request" targetdatatype="java.lang.String" testvalue="" value="false">
            <accessType></accessType>
        </param>
        <param datatype="number" defaultvalue="0" description="" encode="true" format="None" formatvalue="" name="tabColor_red" order="" passnull="false" sms-name="" src="request" sourcevalue="" srcformatvalue="" target="request" targetdatatype="java.lang.String" testvalue="" value="0">
            <accessType></accessType>
        </param>
        <param datatype="number" defaultvalue="0" description="" encode="true" format="None" formatvalue="" name="tabColor_green" order="" passnull="false" sms-name="" src="request" sourcevalue="" srcformatvalue="" target="request" targetdatatype="java.lang.String" testvalue="" value="0">
            <accessType></accessType>
        </param>
        <param datatype="number" defaultvalue="0" description="" encode="true" format="None" formatvalue="" name="tabColor_blue" order="" passnull="false" sms-name="" src="request" sourcevalue="" srcformatvalue="" target="request" targetdatatype="java.lang.String" testvalue="" value="0">
            <accessType></accessType>
        </param>
        <param datatype="number" defaultvalue="0" description="" encode="true" format="None" formatvalue="" name="tabColor_alpha" order="" passnull="false" sms-name="" src="request" sourcevalue="" srcformatvalue="" target="request" targetdatatype="java.lang.String" testvalue="" value="0">
            <accessType></accessType>
        </param>
        <param datatype="boolean" defaultvalue="false" description="" encode="true" format="None" formatvalue="" name="rightToLeft" order="" passnull="false" sms-name="" src="request" sourcevalue="" srcformatvalue="" target="request" targetdatatype="java.lang.String" testvalue="" value="false">
            <accessType></accessType>
        </param>
        <param datatype="number" defaultvalue="0" description="" encode="true" format="None" formatvalue="" name="padding_top" order="" passnull="false" sms-name="" src="request" sourcevalue="" srcformatvalue="" target="request" targetdatatype="java.lang.String" testvalue="" value="0">
            <accessType></accessType>
        </param>
        <param datatype="number" defaultvalue="0" description="" encode="true" format="None" formatvalue="" name="padding_right" order="" passnull="false" sms-name="" src="request" sourcevalue="" srcformatvalue="" target="request" targetdatatype="java.lang.String" testvalue="" value="0">
            <accessType></accessType>
        </param>
        <param datatype="number" defaultvalue="0" description="" encode="true" format="None" formatvalue="" name="padding_bottom" order="" passnull="false" sms-name="" src="request" sourcevalue="" srcformatvalue="" target="request" targetdatatype="java.lang.String" testvalue="" value="0">
            <accessType></accessType>
        </param>
        <param datatype="number" defaultvalue="0" description="" encode="true" format="None" formatvalue="" name="padding_left" order="" passnull="false" sms-name="" src="request" sourcevalue="" srcformatvalue="" target="request" targetdatatype="java.lang.String" testvalue="" value="0">
            <accessType></accessType>
        </param>
        <param datatype="number" defaultvalue="" description="" encode="true" format="None" formatvalue="" name="metadataId" order="" passnull="false" sms-name="" src="request" sourcevalue="" srcformatvalue="" target="request" targetdatatype="java.lang.String" testvalue="65356" value="">
            <accessType></accessType>
        </param>
        <param datatype="string" defaultvalue="" description="" encode="true" format="None" formatvalue="" name="metadataKey" order="" passnull="false" sms-name="" src="request" sourcevalue="" srcformatvalue="" target="request" targetdatatype="java.lang.String" testvalue="myMetaKey" value="">
            <accessType></accessType>
        </param>
        <param datatype="string" defaultvalue="" description="" encode="true" format="None" formatvalue="" name="metadataValue" order="" passnull="false" sms-name="" src="request" sourcevalue="" srcformatvalue="" target="request" targetdatatype="java.lang.String" testvalue="niyati" value="">
            <accessType></accessType>
        </param>
        <param datatype="string" defaultvalue="DEVELOPER_METADATA_LOCATION_TYPE_UNSPECIFIED" description="" encode="true" format="None" formatvalue="" name="metadata_locationType" order="" passnull="false" sms-name="" src="request" sourcevalue="" srcformatvalue="" target="request" targetdatatype="java.lang.String" testvalue="ROW" value="DEVELOPER_METADATA_LOCATION_TYPE_UNSPECIFIED">
            <accessType></accessType>
        </param>
        <param datatype="boolean" defaultvalue="true" description="" encode="true" format="None" formatvalue="" name="metadata_spreadsheet" order="" passnull="false" sms-name="" src="request" sourcevalue="" srcformatvalue="" target="request" targetdatatype="java.lang.String" testvalue="true" value="true">
            <accessType></accessType>
        </param>
        <param datatype="string" defaultvalue="DEVELOPER_METADATA_VISIBILITY_UNSPECIFIED" description="" encode="true" format="None" formatvalue="" name="metadata_visibility" order="" passnull="false" sms-name="" src="request" sourcevalue="" srcformatvalue="" target="request" targetdatatype="java.lang.String" testvalue="DOCUMENT" value="DEVELOPER_METADATA_VISIBILITY_UNSPECIFIED">
            <accessType></accessType>
        </param>
        <template-param datatype="" defaultvalue="{&#xA;    &quot;spreadsheetId&quot;: &quot;$spreadsheetId&quot;,&#xA;    &quot;properties&quot;: {&#xA;        &quot;title&quot;: &quot;$title&quot;,&#xA;        &quot;locale&quot;: &quot;$locale&quot;,&#xA;        &quot;autoRecalc&quot;: &quot;$autoRecalc&quot;,&#xA;        &quot;timeZone&quot;: &quot;$timeZone&quot;,&#xA;        &quot;defaultFormat&quot;: {&#xA;            &quot;numberFormat&quot;: {&#xA;                &quot;type&quot;: &quot;$numberformat_type&quot;,&#xA;                &quot;pattern&quot;: &quot;$numberformat_pattern&quot;&#xA;            },&#xA;            &quot;backgroundColor&quot;: {&#xA;                &quot;red&quot;: &quot;$backgroundColor_red&quot;,&#xA;                &quot;green&quot;: &quot;$backgroundColor_green&quot;,&#xA;                &quot;blue&quot;: &quot;$backgroundColor_blue&quot;,&#xA;                &quot;alpha&quot;: &quot;$backgroundColor_alpha&quot;&#xA;            },&#xA;            &quot;borders&quot;: {&#xA;                &quot;top&quot;: {&#xA;                    &quot;style&quot;: &quot;$border_top_style&quot;,&#xA;                    &quot;width&quot;: &quot;$border_top_width&quot;,&#xA;                    &quot;color&quot;: {&#xA;                        &quot;red&quot;: &quot;$border_top_red&quot;,&#xA;                        &quot;green&quot;: &quot;$border_top_green&quot;,&#xA;                        &quot;blue&quot;: &quot;$border_top_blue&quot;,&#xA;                        &quot;alpha&quot;: &quot;$border_top_alpha&quot;&#xA;                    }&#xA;                },&#xA;                &quot;bottom&quot;: {&#xA;                    &quot;style&quot;: &quot;$border_bottom_style&quot;,&#xA;                    &quot;width&quot;: &quot;$border_bottom_width&quot;,&#xA;                    &quot;color&quot;: {&#xA;                        &quot;red&quot;: &quot;$border_bottom_red&quot;,&#xA;                        &quot;green&quot;: &quot;$border_bottom_green&quot;,&#xA;                        &quot;blue&quot;: &quot;$border_bottom_blue&quot;,&#xA;                        &quot;alpha&quot;: &quot;$border_bottom_alpha&quot;&#xA;                    }&#xA;                },&#xA;                &quot;left&quot;: {&#xA;                    &quot;style&quot;: &quot;$border_left_style&quot;,&#xA;                    &quot;width&quot;: &quot;$border_left_width&quot;,&#xA;                    &quot;color&quot;: {&#xA;                        &quot;red&quot;: &quot;$border_left_red&quot;,&#xA;                        &quot;green&quot;: &quot;$border_left_green&quot;,&#xA;                        &quot;blue&quot;: &quot;$border_left_blue&quot;,&#xA;                        &quot;alpha&quot;: &quot;$border_left_alpha&quot;&#xA;                    }&#xA;                },&#xA;                &quot;right&quot;: {&#xA;                    &quot;style&quot;: &quot;$border_right_style&quot;,&#xA;                    &quot;width&quot;: &quot;$border_right_width&quot;,&#xA;                    &quot;color&quot;: {&#xA;                        &quot;red&quot;: &quot;$border_right_red&quot;,&#xA;                        &quot;green&quot;: &quot;$border_right_green&quot;,&#xA;                        &quot;blue&quot;: &quot;$border_right_blue&quot;,&#xA;                        &quot;alpha&quot;: &quot;$border_right_alpha&quot;&#xA;                    }&#xA;                }&#xA;            },&#xA;            &quot;padding&quot;: {&#xA;                &quot;top&quot;: &quot;$padding_top&quot;,&#xA;                &quot;right&quot;: &quot;$padding_right&quot;,&#xA;                &quot;bottom&quot;: &quot;$padding_bottom&quot;,&#xA;                &quot;left&quot;: &quot;$padding_left&quot;&#xA;            },&#xA;            &quot;horizontalAlignment&quot;: &quot;$horizontalAlignment&quot;,&#xA;            &quot;verticalAlignment&quot;: &quot;$verticalAlignment&quot;,&#xA;            &quot;wrapStrategy&quot;: &quot;$wrapStrategy&quot;,&#xA;            &quot;textDirection&quot;: &quot;$textDirection&quot;,&#xA;            &quot;textFormat&quot;: {&#xA;                &quot;foregroundColor&quot;: {&#xA;                    &quot;red&quot;: &quot;$foregroundColor_red&quot;,&#xA;                    &quot;green&quot;: &quot;$foregroundColor_green&quot;,&#xA;                    &quot;blue&quot;: &quot;$foregroundColor_blue&quot;,&#xA;                    &quot;alpha&quot;: &quot;$foregroundColor_alpha&quot;&#xA;                },&#xA;                &quot;fontFamily&quot;: &quot;$fontFamily&quot;,&#xA;                &quot;fontSize&quot;: &quot;$fontSize&quot;,&#xA;                &quot;bold&quot;: &quot;$bold&quot;,&#xA;                &quot;italic&quot;: &quot;$italic&quot;,&#xA;                &quot;strikethrough&quot;: &quot;$strikethrough&quot;,&#xA;                &quot;underline&quot;: &quot;$underline&quot;&#xA;            },&#xA;            &quot;hyperlinkDisplayType&quot;: &quot;$hyperlinkDisplayType&quot;,&#xA;              &quot;textRotation&quot;: {&#xA;    &#x9;&#x9;&#x9;#if ($textRotation_angle != &quot;&quot;)&#xA;                  &quot;angle&quot;: &quot;$textRotation_angle&quot;&#xA;                #else&#xA;                  &quot;vertical&quot;: &quot;$textRotation_vertical&quot;&#xA;                #end&#xA;           }&#xA;        },&#xA;        &quot;iterativeCalculationSettings&quot;: {&#xA;            &quot;maxIterations&quot;: &quot;$maxIterations&quot;,&#xA;            &quot;convergenceThreshold&quot;: &quot;$convergenceThreshold&quot;&#xA;        }&#xA;    },&#xA;    &quot;sheets&quot;: [&#xA;        {&#xA;            &quot;properties&quot;: {&#xA;                &quot;sheetId&quot;: &quot;$sheet_sheetId&quot;,&#xA;                &quot;title&quot;: &quot;$sheet_title&quot;,&#xA;                &quot;index&quot;: &quot;$sheet_index&quot;,&#xA;                &quot;sheetType&quot;: &quot;$sheetType&quot;,&#xA;                &quot;gridProperties&quot;: {&#xA;                    &quot;rowCount&quot;: &quot;$rowCount&quot;,&#xA;                    &quot;columnCount&quot;: &quot;$columnCount&quot;,&#xA;                    &quot;frozenRowCount&quot;: &quot;$frozenRowCount&quot;,&#xA;                    &quot;frozenColumnCount&quot;: &quot;$frozenColumnCount&quot;,&#xA;                    &quot;hideGridlines&quot;: &quot;$hideGridlines&quot;&#xA;                },&#xA;                &quot;hidden&quot;: &quot;$sheet_hidden&quot;,&#xA;                &quot;tabColor&quot;: {&#xA;                    &quot;red&quot;: &quot;$tabColor_red&quot;,&#xA;                    &quot;green&quot;: &quot;$tabColor_green&quot;,&#xA;                    &quot;blue&quot;: &quot;$tabColor_blue&quot;,&#xA;                    &quot;alpha&quot;: &quot;$tabColor_alpha&quot;&#xA;                },&#xA;                &quot;rightToLeft&quot;: &quot;$rightToLeft&quot;&#xA;            }&#xA;        }&#xA;    ],&#xA;    &quot;spreadsheetUrl&quot;: &quot;$spreadsheetUrl&quot;,&#xA;    &quot;developerMetadata&quot;: [&#xA;        {&#xA;            &quot;metadataId&quot;: &quot;$metadataId&quot;,&#xA;            &quot;metadataKey&quot;: &quot;$metadataKey&quot;,&#xA;            &quot;metadataValue&quot;: &quot;$metadataValue&quot;,&#xA;            &quot;location&quot;: {&#xA;                &quot;locationType&quot;: &quot;$metadata_locationType&quot;,&#xA;                &quot;spreadsheet&quot;: &quot;$metadata_spreadsheet&quot;&#xA;            },&#xA;            &quot;visibility&quot;: &quot;$metadata_visibility&quot;&#xA;        }&#xA;    ]&#xA;}" description="" encode="false" format="" formatvalue="" name="message" order="" sms-name="" src="" sourcevalue="" srcformatvalue="" target="" targetdatatype="" value="{&#xA;    &quot;spreadsheetId&quot;: &quot;$spreadsheetId&quot;,&#xA;    &quot;properties&quot;: {&#xA;        &quot;title&quot;: &quot;$title&quot;,&#xA;        &quot;locale&quot;: &quot;$locale&quot;,&#xA;        &quot;autoRecalc&quot;: &quot;$autoRecalc&quot;,&#xA;        &quot;timeZone&quot;: &quot;$timeZone&quot;,&#xA;        &quot;defaultFormat&quot;: {&#xA;            &quot;numberFormat&quot;: {&#xA;                &quot;type&quot;: &quot;$numberformat_type&quot;,&#xA;                &quot;pattern&quot;: &quot;$numberformat_pattern&quot;&#xA;            },&#xA;            &quot;backgroundColor&quot;: {&#xA;                &quot;red&quot;: &quot;$backgroundColor_red&quot;,&#xA;                &quot;green&quot;: &quot;$backgroundColor_green&quot;,&#xA;                &quot;blue&quot;: &quot;$backgroundColor_blue&quot;,&#xA;                &quot;alpha&quot;: &quot;$backgroundColor_alpha&quot;&#xA;            },&#xA;            &quot;borders&quot;: {&#xA;                &quot;top&quot;: {&#xA;                    &quot;style&quot;: &quot;$border_top_style&quot;,&#xA;                    &quot;width&quot;: &quot;$border_top_width&quot;,&#xA;                    &quot;color&quot;: {&#xA;                        &quot;red&quot;: &quot;$border_top_red&quot;,&#xA;                        &quot;green&quot;: &quot;$border_top_green&quot;,&#xA;                        &quot;blue&quot;: &quot;$border_top_blue&quot;,&#xA;                        &quot;alpha&quot;: &quot;$border_top_alpha&quot;&#xA;                    }&#xA;                },&#xA;                &quot;bottom&quot;: {&#xA;                    &quot;style&quot;: &quot;$border_bottom_style&quot;,&#xA;                    &quot;width&quot;: &quot;$border_bottom_width&quot;,&#xA;                    &quot;color&quot;: {&#xA;                        &quot;red&quot;: &quot;$border_bottom_red&quot;,&#xA;                        &quot;green&quot;: &quot;$border_bottom_green&quot;,&#xA;                        &quot;blue&quot;: &quot;$border_bottom_blue&quot;,&#xA;                        &quot;alpha&quot;: &quot;$border_bottom_alpha&quot;&#xA;                    }&#xA;                },&#xA;                &quot;left&quot;: {&#xA;                    &quot;style&quot;: &quot;$border_left_style&quot;,&#xA;                    &quot;width&quot;: &quot;$border_left_width&quot;,&#xA;                    &quot;color&quot;: {&#xA;                        &quot;red&quot;: &quot;$border_left_red&quot;,&#xA;                        &quot;green&quot;: &quot;$border_left_green&quot;,&#xA;                        &quot;blue&quot;: &quot;$border_left_blue&quot;,&#xA;                        &quot;alpha&quot;: &quot;$border_left_alpha&quot;&#xA;                    }&#xA;                },&#xA;                &quot;right&quot;: {&#xA;                    &quot;style&quot;: &quot;$border_right_style&quot;,&#xA;                    &quot;width&quot;: &quot;$border_right_width&quot;,&#xA;                    &quot;color&quot;: {&#xA;                        &quot;red&quot;: &quot;$border_right_red&quot;,&#xA;                        &quot;green&quot;: &quot;$border_right_green&quot;,&#xA;                        &quot;blue&quot;: &quot;$border_right_blue&quot;,&#xA;                        &quot;alpha&quot;: &quot;$border_right_alpha&quot;&#xA;                    }&#xA;                }&#xA;            },&#xA;            &quot;padding&quot;: {&#xA;                &quot;top&quot;: &quot;$padding_top&quot;,&#xA;                &quot;right&quot;: &quot;$padding_right&quot;,&#xA;                &quot;bottom&quot;: &quot;$padding_bottom&quot;,&#xA;                &quot;left&quot;: &quot;$padding_left&quot;&#xA;            },&#xA;            &quot;horizontalAlignment&quot;: &quot;$horizontalAlignment&quot;,&#xA;            &quot;verticalAlignment&quot;: &quot;$verticalAlignment&quot;,&#xA;            &quot;wrapStrategy&quot;: &quot;$wrapStrategy&quot;,&#xA;            &quot;textDirection&quot;: &quot;$textDirection&quot;,&#xA;            &quot;textFormat&quot;: {&#xA;                &quot;foregroundColor&quot;: {&#xA;                    &quot;red&quot;: &quot;$foregroundColor_red&quot;,&#xA;                    &quot;green&quot;: &quot;$foregroundColor_green&quot;,&#xA;                    &quot;blue&quot;: &quot;$foregroundColor_blue&quot;,&#xA;                    &quot;alpha&quot;: &quot;$foregroundColor_alpha&quot;&#xA;                },&#xA;                &quot;fontFamily&quot;: &quot;$fontFamily&quot;,&#xA;                &quot;fontSize&quot;: &quot;$fontSize&quot;,&#xA;                &quot;bold&quot;: &quot;$bold&quot;,&#xA;                &quot;italic&quot;: &quot;$italic&quot;,&#xA;                &quot;strikethrough&quot;: &quot;$strikethrough&quot;,&#xA;                &quot;underline&quot;: &quot;$underline&quot;&#xA;            },&#xA;            &quot;hyperlinkDisplayType&quot;: &quot;$hyperlinkDisplayType&quot;,&#xA;              &quot;textRotation&quot;: {&#xA;    &#x9;&#x9;&#x9;#if ($textRotation_angle != &quot;&quot;)&#xA;                  &quot;angle&quot;: &quot;$textRotation_angle&quot;&#xA;                #else&#xA;                  &quot;vertical&quot;: &quot;$textRotation_vertical&quot;&#xA;                #end&#xA;           }&#xA;        },&#xA;        &quot;iterativeCalculationSettings&quot;: {&#xA;            &quot;maxIterations&quot;: &quot;$maxIterations&quot;,&#xA;            &quot;convergenceThreshold&quot;: &quot;$convergenceThreshold&quot;&#xA;        }&#xA;    },&#xA;    &quot;sheets&quot;: [&#xA;        {&#xA;            &quot;properties&quot;: {&#xA;                &quot;sheetId&quot;: &quot;$sheet_sheetId&quot;,&#xA;                &quot;title&quot;: &quot;$sheet_title&quot;,&#xA;                &quot;index&quot;: &quot;$sheet_index&quot;,&#xA;                &quot;sheetType&quot;: &quot;$sheetType&quot;,&#xA;                &quot;gridProperties&quot;: {&#xA;                    &quot;rowCount&quot;: &quot;$rowCount&quot;,&#xA;                    &quot;columnCount&quot;: &quot;$columnCount&quot;,&#xA;                    &quot;frozenRowCount&quot;: &quot;$frozenRowCount&quot;,&#xA;                    &quot;frozenColumnCount&quot;: &quot;$frozenColumnCount&quot;,&#xA;                    &quot;hideGridlines&quot;: &quot;$hideGridlines&quot;&#xA;                },&#xA;                &quot;hidden&quot;: &quot;$sheet_hidden&quot;,&#xA;                &quot;tabColor&quot;: {&#xA;                    &quot;red&quot;: &quot;$tabColor_red&quot;,&#xA;                    &quot;green&quot;: &quot;$tabColor_green&quot;,&#xA;                    &quot;blue&quot;: &quot;$tabColor_blue&quot;,&#xA;                    &quot;alpha&quot;: &quot;$tabColor_alpha&quot;&#xA;                },&#xA;                &quot;rightToLeft&quot;: &quot;$rightToLeft&quot;&#xA;            }&#xA;        }&#xA;    ],&#xA;    &quot;spreadsheetUrl&quot;: &quot;$spreadsheetUrl&quot;,&#xA;    &quot;developerMetadata&quot;: [&#xA;        {&#xA;            &quot;metadataId&quot;: &quot;$metadataId&quot;,&#xA;            &quot;metadataKey&quot;: &quot;$metadataKey&quot;,&#xA;            &quot;metadataValue&quot;: &quot;$metadataValue&quot;,&#xA;            &quot;location&quot;: {&#xA;                &quot;locationType&quot;: &quot;$metadata_locationType&quot;,&#xA;                &quot;spreadsheet&quot;: &quot;$metadata_spreadsheet&quot;&#xA;            },&#xA;            &quot;visibility&quot;: &quot;$metadata_visibility&quot;&#xA;        }&#xA;    ]&#xA;}">
            <accessType></accessType>
        </template-param>
    </service-input>
    <service-output passthrough="true"/>
</service>
