[{

"name": "myclient_id",

"displayName": "Client Id",

"defaultValue":"1015933504611-0uen8u1jrf2cl4fti879h97pfhojf4s5.apps.googleusercontent.com" ,

"type": "String",

"serviceName": "reusableGoogleLogin",

"serviceType": "idprovider" ,

"readOnly": false

},

{
	"name": "myclient_secret",

	"displayName": "Client Secret",

	"defaultValue":"FLAx4ReDgRG4cpDhUCKD-ylV" ,

	"type": "String",

	"serviceName": "reusableGoogleLogin",

	"serviceType": "idprovider" ,

	"readOnly": false

}
]