<?xml version="1.0" encoding="UTF-8" standalone="yes"?>
<endpoint name="default" type="JSON" url="https://sheets.googleapis.com" encryptSecureInfo="false">
    <config>
        <entry>
            <key>ignorehttpproxy</key>
            <value>true</value>
        </entry>
        <entry>
            <key>identityProviderType</key>
            <value>oauth2</value>
        </entry>
        <entry>
            <key>identityProvider</key>
            <value>reusableGoogleLogin</value>
        </entry>
    </config>
    <apiThrottling/>
</endpoint>
