<?xml version="1.0" encoding="UTF-8" standalone="yes"?>
<service serviceGroup="" cachable="false" cacheduration="" description="" endpoint="default" groupType="" id="spreadsheets_values_update" passwordencrypted="false" security="authorized_app_user" type="jsonConnector" smscode="" smsenabled="false">
    <service-config>
        <config-param api-version="" appid="" name="preprocessorname" value=""/>
        <config-param api-version="" appid="" name="postprocessorname" value=""/>
        <config-param api-version="" appid="" name="preprocessorJS" value=""/>
        <config-param api-version="" appid="" name="postprocessorJS" value=""/>
        <config-param api-version="" appid="" name="kony_http_supported_methods" value="POST"/>
        <config-param api-version="" appid="" name="endpointUrl" value="https://sheets.googleapis.com/v4/spreadsheets/$spreadsheetId/values/$range?valueInputOption=$valueInputOption&amp;includeValuesInResponse=$includeValuesInResponse&amp;responseValueRenderOption=$responseValueRenderOption&amp;responseDateTimeRenderOption=$responseDateTimeRenderOption"/>
        <config-param api-version="" appid="" name="ignorehttpproxy" value="true"/>
        <config-param api-version="" appid="" name="http.method" value="PUT"/>
        <config-param api-version="" appid="" name="dataObjectName" value=""/>
        <config-param api-version="" appid="" name="sockettimeout" value=""/>
        <config-param api-version="" appid="" name="responseEncoding" value="UTF-8"/>
        <config-param api-version="" appid="" name="isembedxmlpresent" value="false"/>
        <config-param api-version="" appid="" name="retrycount" value="0"/>
        <config-param api-version="" appid="" name="identityProvider" value="reusableGoogleLogin"/>
        <config-param api-version="" appid="" name="identityProviderType" value="oauth2"/>
    </service-config>
    <service-input passthrough="false">
        <header datatype="" name="" passthrough="false"/>
        <param datatype="string" defaultvalue="" description="" encode="true" format="None" formatvalue="" name="spreadsheetId" order="" passnull="false" sms-name="" src="request" sourcevalue="" srcformatvalue="" target="request" targetdatatype="java.lang.String" testvalue="13es0wdSvkE_3ZsjNrAnasUp9uj3z8KWX4pdbAAw5xRQ" value="">
            <accessType></accessType>
        </param>
        <param datatype="string" defaultvalue="" description="" encode="true" format="None" formatvalue="" name="range" order="" passnull="false" sms-name="" src="request" sourcevalue="" srcformatvalue="" target="request" targetdatatype="java.lang.String" testvalue="Sheet29!P1:Q2" value="">
            <accessType></accessType>
        </param>
        <param datatype="string" defaultvalue="" description="" encode="true" format="None" formatvalue="" name="value_range" order="" passnull="false" sms-name="" src="request" sourcevalue="" srcformatvalue="" target="request" targetdatatype="java.lang.String" testvalue="Sheet29!P1:Q2" value="">
            <accessType></accessType>
        </param>
        <param datatype="string" defaultvalue="ROWS" description="" encode="true" format="None" formatvalue="" name="value_majorDimension" order="" passnull="false" sms-name="" src="request" sourcevalue="" srcformatvalue="" target="request" targetdatatype="java.lang.String" testvalue="ROWS" value="ROWS">
            <accessType></accessType>
        </param>
        <param datatype="string" defaultvalue="USER_ENTERED" description="" encode="true" format="None" formatvalue="" name="valueInputOption" order="" passnull="false" sms-name="" src="request" sourcevalue="" srcformatvalue="" target="request" targetdatatype="java.lang.String" testvalue="" value="USER_ENTERED">
            <accessType></accessType>
        </param>
        <param datatype="boolean" defaultvalue="true" description="" encode="true" format="None" formatvalue="" name="includeValuesInResponse" order="" passnull="false" sms-name="" src="request" sourcevalue="" srcformatvalue="" target="request" targetdatatype="java.lang.String" testvalue="" value="true">
            <accessType></accessType>
        </param>
        <param datatype="string" defaultvalue="FORMATTED_VALUE" description="" encode="true" format="None" formatvalue="" name="responseValueRenderOption" order="" passnull="false" sms-name="" src="request" sourcevalue="" srcformatvalue="" target="request" targetdatatype="java.lang.String" testvalue="" value="FORMATTED_VALUE">
            <accessType></accessType>
        </param>
        <param datatype="string" defaultvalue="SERIAL_NUMBER" description="" encode="true" format="None" formatvalue="" name="responseDateTimeRenderOption" order="" passnull="false" sms-name="" src="request" sourcevalue="" srcformatvalue="" target="request" targetdatatype="java.lang.String" testvalue="" value="SERIAL_NUMBER">
            <accessType></accessType>
        </param>
        <param datatype="string" defaultvalue="" description="" encode="true" format="None" formatvalue="" name="values" order="" passnull="false" sms-name="" src="request" sourcevalue="" srcformatvalue="" target="request" targetdatatype="java.lang.String" testvalue="[&quot;hi&quot;,&quot;hello&quot;],[&quot;yeah&quot;,&quot;no&quot;]" value="">
            <accessType></accessType>
        </param>
        <template-param datatype="" defaultvalue="{&#xA;    &quot;range&quot;: &quot;$value_range&quot;,&#xA;    &quot;majorDimension&quot;: &quot;$value_majorDimension&quot;,&#xA;    &quot;values&quot;: [&#xA;       $values&#xA;    ]&#xA;}" description="" encode="false" format="" formatvalue="" name="message" order="" sms-name="" src="" sourcevalue="" srcformatvalue="" target="" targetdatatype="" value="{&#xA;    &quot;range&quot;: &quot;$value_range&quot;,&#xA;    &quot;majorDimension&quot;: &quot;$value_majorDimension&quot;,&#xA;    &quot;values&quot;: [&#xA;       $values&#xA;    ]&#xA;}">
            <accessType></accessType>
        </template-param>
    </service-input>
    <service-output passthrough="true"/>
</service>
