<?xml version="1.0" encoding="UTF-8" standalone="yes"?>
<service serviceGroup="" cachable="false" cacheduration="" description="" endpoint="default" groupType="" id="spreadsheets_values_batchUpdateByDataFilter" passwordencrypted="false" security="authorized_app_user" type="jsonConnector" smscode="" smsenabled="false">
    <service-config>
        <config-param api-version="" appid="" name="preprocessorname" value=""/>
        <config-param api-version="" appid="" name="postprocessorname" value=""/>
        <config-param api-version="" appid="" name="preprocessorJS" value=""/>
        <config-param api-version="" appid="" name="postprocessorJS" value=""/>
        <config-param api-version="" appid="" name="endpointUrl" value="https://sheets.googleapis.com/v4/spreadsheets/$spreadsheetId/values:batchUpdateByDataFilter"/>
        <config-param api-version="" appid="" name="ignorehttpproxy" value="true"/>
        <config-param api-version="" appid="" name="http.method" value="POST"/>
        <config-param api-version="" appid="" name="dataObjectName" value=""/>
        <config-param api-version="" appid="" name="sockettimeout" value=""/>
        <config-param api-version="" appid="" name="responseEncoding" value="UTF-8"/>
        <config-param api-version="" appid="" name="isembedxmlpresent" value="false"/>
        <config-param api-version="" appid="" name="retrycount" value="0"/>
        <config-param api-version="" appid="" name="identityProvider" value="reusableGoogleLogin"/>
        <config-param api-version="" appid="" name="identityProviderType" value="oauth2"/>
    </service-config>
    <service-input passthrough="false">
        <header datatype="" name="" passthrough="false"/>
        <param datatype="string" defaultvalue="" description="" encode="true" format="None" formatvalue="" name="spreadsheetId" order="" passnull="false" sms-name="" src="request" sourcevalue="" srcformatvalue="" target="request" targetdatatype="java.lang.String" testvalue="1KzHmFCXgZrLy2uOAWy3rQgTJYcgI8kRj08OWoloqmPQ" value="">
            <accessType></accessType>
        </param>
        <param datatype="string" defaultvalue="INPUT_VALUE_OPTION_UNSPECIFIED" description="" encode="true" format="None" formatvalue="" name="valueInputOption" order="" passnull="false" sms-name="" src="request" sourcevalue="" srcformatvalue="" target="request" targetdatatype="java.lang.String" testvalue="RAW" value="INPUT_VALUE_OPTION_UNSPECIFIED">
            <accessType></accessType>
        </param>
        <param datatype="boolean" defaultvalue="true" description="" encode="true" format="None" formatvalue="" name="includeValuesInResponse" order="" passnull="false" sms-name="" src="request" sourcevalue="" srcformatvalue="" target="request" targetdatatype="java.lang.String" testvalue="true" value="true">
            <accessType></accessType>
        </param>
        <param datatype="string" defaultvalue="FORMATTED_VALUE" description="" encode="true" format="None" formatvalue="" name="responseValueRenderOption" order="" passnull="false" sms-name="" src="request" sourcevalue="" srcformatvalue="" target="request" targetdatatype="java.lang.String" testvalue="" value="FORMATTED_VALUE">
            <accessType></accessType>
        </param>
        <param datatype="string" defaultvalue="SERIAL_NUMBER" description="" encode="true" format="None" formatvalue="" name="responseDateTimeRenderOption" order="" passnull="false" sms-name="" src="request" sourcevalue="" srcformatvalue="" target="request" targetdatatype="java.lang.String" testvalue="" value="SERIAL_NUMBER">
            <accessType></accessType>
        </param>
        <param datatype="string" defaultvalue="" description="" encode="true" format="None" formatvalue="" name="a1Range" order="" passnull="false" sms-name="" src="request" sourcevalue="" srcformatvalue="" target="request" targetdatatype="java.lang.String" testvalue="Sheet1!A1:B2" value="">
            <accessType></accessType>
        </param>
        <param datatype="number" defaultvalue="" description="" encode="true" format="None" formatvalue="" name="sheetId" order="" passnull="false" sms-name="" src="request" sourcevalue="" srcformatvalue="" target="request" targetdatatype="java.lang.String" testvalue="101" value="">
            <accessType></accessType>
        </param>
        <param datatype="number" defaultvalue="" description="" encode="true" format="None" formatvalue="" name="startRowIndex" order="" passnull="false" sms-name="" src="request" sourcevalue="" srcformatvalue="" target="request" targetdatatype="java.lang.String" testvalue="2" value="">
            <accessType></accessType>
        </param>
        <param datatype="number" defaultvalue="" description="" encode="true" format="None" formatvalue="" name="endRowIndex" order="" passnull="false" sms-name="" src="request" sourcevalue="" srcformatvalue="" target="request" targetdatatype="java.lang.String" testvalue="3" value="">
            <accessType></accessType>
        </param>
        <param datatype="number" defaultvalue="" description="" encode="true" format="None" formatvalue="" name="startColumnIndex" order="" passnull="false" sms-name="" src="request" sourcevalue="" srcformatvalue="" target="request" targetdatatype="java.lang.String" testvalue="1" value="">
            <accessType></accessType>
        </param>
        <param datatype="number" defaultvalue="" description="" encode="true" format="None" formatvalue="" name="endColumnIndex" order="" passnull="false" sms-name="" src="request" sourcevalue="" srcformatvalue="" target="request" targetdatatype="java.lang.String" testvalue="1" value="">
            <accessType></accessType>
        </param>
        <param datatype="string" defaultvalue="ROWS" description="" encode="true" format="None" formatvalue="" name="majorDimension" order="" passnull="false" sms-name="" src="request" sourcevalue="" srcformatvalue="" target="request" targetdatatype="java.lang.String" testvalue="" value="ROWS">
            <accessType></accessType>
        </param>
        <param datatype="string" defaultvalue="" description="" encode="true" format="None" formatvalue="" name="values" order="" passnull="false" sms-name="" src="request" sourcevalue="" srcformatvalue="" target="request" targetdatatype="java.lang.String" testvalue="[1,2],[3,4]" value="">
            <accessType></accessType>
        </param>
        <template-param datatype="" defaultvalue="{&#xA;  &quot;valueInputOption&quot;: &quot;$valueInputOption&quot; ,&#xA;  &quot;data&quot;: [&#xA;    {&#xA;      &quot;dataFilter&quot;: {&#xA;          #if (&quot;$!a1Range&quot; == &quot;&quot;)&#xA;      &quot;gridRange&quot;: {&#xA;    &quot;sheetId&quot;: &quot;$sheetId&quot;,&#xA;  &quot;startRowIndex&quot;: &quot;$startRowIndex&quot;,&#xA;  &quot;endRowIndex&quot;: &quot;$endRowIndex&quot;,&#xA;  &quot;startColumnIndex&quot;: &quot;$startColumnIndex&quot;,&#xA;  &quot;endColumnIndex&quot;: &quot;$endColumnIndex&quot;,&#xA;  }&#xA;      #else&#xA;     &quot;a1Range&quot;: &quot;$a1Range&quot;&#xA;      #end&#xA;  },&#xA;  &quot;majorDimension&quot;: &quot;$majorDimension&quot;,&#xA;  &quot;values&quot;: [&#xA;     $values&#xA;  ]&#xA;    }&#xA;  ],&#xA;  &quot;includeValuesInResponse&quot;: &quot;$includeValuesInResponse&quot;,&#xA;  &quot;responseValueRenderOption&quot;: &quot;$responseValueRenderOption&quot;,&#xA;  &quot;responseDateTimeRenderOption&quot;: &quot;$responseDateTimeRenderOption&quot;,&#xA;}" description="" encode="false" format="" formatvalue="" name="message" order="" sms-name="" src="" sourcevalue="" srcformatvalue="" target="" targetdatatype="" value="{&#xA;  &quot;valueInputOption&quot;: &quot;$valueInputOption&quot; ,&#xA;  &quot;data&quot;: [&#xA;    {&#xA;      &quot;dataFilter&quot;: {&#xA;          #if (&quot;$!a1Range&quot; == &quot;&quot;)&#xA;      &quot;gridRange&quot;: {&#xA;    &quot;sheetId&quot;: &quot;$sheetId&quot;,&#xA;  &quot;startRowIndex&quot;: &quot;$startRowIndex&quot;,&#xA;  &quot;endRowIndex&quot;: &quot;$endRowIndex&quot;,&#xA;  &quot;startColumnIndex&quot;: &quot;$startColumnIndex&quot;,&#xA;  &quot;endColumnIndex&quot;: &quot;$endColumnIndex&quot;,&#xA;  }&#xA;      #else&#xA;     &quot;a1Range&quot;: &quot;$a1Range&quot;&#xA;      #end&#xA;  },&#xA;  &quot;majorDimension&quot;: &quot;$majorDimension&quot;,&#xA;  &quot;values&quot;: [&#xA;     $values&#xA;  ]&#xA;    }&#xA;  ],&#xA;  &quot;includeValuesInResponse&quot;: &quot;$includeValuesInResponse&quot;,&#xA;  &quot;responseValueRenderOption&quot;: &quot;$responseValueRenderOption&quot;,&#xA;  &quot;responseDateTimeRenderOption&quot;: &quot;$responseDateTimeRenderOption&quot;,&#xA;}">
            <accessType></accessType>
        </template-param>
    </service-input>
    <service-output passthrough="true"/>
</service>
