<?xml version="1.0" encoding="UTF-8" standalone="yes"?>
<service serviceGroup="" cachable="false" cacheduration="" description="" endpoint="default" groupType="" id="spreadsheets_values_batchGetByDataFilter" passwordencrypted="false" security="authorized_app_user" type="jsonConnector" smscode="" smsenabled="false">
    <service-config>
        <config-param api-version="" appid="" name="preprocessorname" value=""/>
        <config-param api-version="" appid="" name="postprocessorname" value=""/>
        <config-param api-version="" appid="" name="preprocessorJS" value=""/>
        <config-param api-version="" appid="" name="postprocessorJS" value=""/>
        <config-param api-version="" appid="" name="endpointUrl" value="https://sheets.googleapis.com/v4/spreadsheets/$spreadsheetId/values:batchGetByDataFilter"/>
        <config-param api-version="" appid="" name="ignorehttpproxy" value="true"/>
        <config-param api-version="" appid="" name="http.method" value="POST"/>
        <config-param api-version="" appid="" name="dataObjectName" value=""/>
        <config-param api-version="" appid="" name="sockettimeout" value=""/>
        <config-param api-version="" appid="" name="responseEncoding" value="UTF-8"/>
        <config-param api-version="" appid="" name="isembedxmlpresent" value="false"/>
        <config-param api-version="" appid="" name="retrycount" value="0"/>
        <config-param api-version="" appid="" name="identityProvider" value="reusableGoogleLogin"/>
        <config-param api-version="" appid="" name="identityProviderType" value="oauth2"/>
    </service-config>
    <service-input passthrough="false">
        <header datatype="" name="" passthrough="false"/>
        <param datatype="string" defaultvalue="" description="" encode="true" format="None" formatvalue="" name="spreadsheetId" order="" passnull="false" sms-name="" src="request" sourcevalue="" srcformatvalue="" target="request" targetdatatype="java.lang.String" testvalue="1KzHmFCXgZrLy2uOAWy3rQgTJYcgI8kRj08OWoloqmPQ" value="">
            <accessType></accessType>
        </param>
        <param datatype="string" defaultvalue="" description="" encode="true" format="None" formatvalue="" name="a1Range" order="" passnull="false" sms-name="" src="request" sourcevalue="" srcformatvalue="" target="request" targetdatatype="java.lang.String" testvalue="" value="">
            <accessType></accessType>
        </param>
        <param datatype="number" defaultvalue="0" description="" encode="true" format="None" formatvalue="" name="startRowIndex" order="" passnull="false" sms-name="" src="request" sourcevalue="" srcformatvalue="" target="request" targetdatatype="java.lang.String" testvalue="2" value="0">
            <accessType></accessType>
        </param>
        <param datatype="number" defaultvalue="0" description="" encode="true" format="None" formatvalue="" name="endRowIndex" order="" passnull="false" sms-name="" src="request" sourcevalue="" srcformatvalue="" target="request" targetdatatype="java.lang.String" testvalue="3" value="0">
            <accessType></accessType>
        </param>
        <param datatype="number" defaultvalue="0" description="" encode="true" format="None" formatvalue="" name="startColumnIndex" order="" passnull="false" sms-name="" src="request" sourcevalue="" srcformatvalue="" target="request" targetdatatype="java.lang.String" testvalue="1" value="0">
            <accessType></accessType>
        </param>
        <param datatype="number" defaultvalue="0" description="" encode="true" format="None" formatvalue="" name="endColumnIndex" order="" passnull="false" sms-name="" src="request" sourcevalue="" srcformatvalue="" target="request" targetdatatype="java.lang.String" testvalue="2" value="0">
            <accessType></accessType>
        </param>
        <param datatype="number" defaultvalue="0" description="" encode="true" format="None" formatvalue="" name="sheetId" order="" passnull="false" sms-name="" src="request" sourcevalue="" srcformatvalue="" target="request" targetdatatype="java.lang.String" testvalue="101" value="0">
            <accessType></accessType>
        </param>
        <param datatype="string" defaultvalue="DIMENSION_UNSPECIFIED" description="" encode="true" format="None" formatvalue="" name="majorDimension" order="" passnull="false" sms-name="" src="request" sourcevalue="" srcformatvalue="" target="request" targetdatatype="java.lang.String" testvalue="ROWS" value="DIMENSION_UNSPECIFIED">
            <accessType></accessType>
        </param>
        <param datatype="string" defaultvalue="FORMATTED_VALUE" description="" encode="true" format="None" formatvalue="" name="valueRenderOption" order="" passnull="false" sms-name="" src="request" sourcevalue="" srcformatvalue="" target="request" targetdatatype="java.lang.String" testvalue="FORMATTED_VALUE" value="FORMATTED_VALUE">
            <accessType></accessType>
        </param>
        <param datatype="string" defaultvalue="SERIAL_NUMBER" description="" encode="true" format="None" formatvalue="" name="dateTimeRenderOption" order="" passnull="false" sms-name="" src="request" sourcevalue="" srcformatvalue="" target="request" targetdatatype="java.lang.String" testvalue="" value="SERIAL_NUMBER">
            <accessType></accessType>
        </param>
        <template-param datatype="" defaultvalue="{&#xA;  &quot;dataFilters&quot;: [&#xA;     {&#xA;&#x9;&#x9;#if (&quot;$a1Range&quot; == &quot;&quot;)&#xA;      &quot;gridRange&quot;: {&#xA;    &quot;sheetId&quot;: &quot;$sheetId&quot;,&#xA;  &quot;startRowIndex&quot;: &quot;$startRowIndex&quot;,&#xA;  &quot;endRowIndex&quot;: &quot;$endRowIndex&quot;,&#xA;  &quot;startColumnIndex&quot;: &quot;$startColumnIndex&quot;,&#xA;  &quot;endColumnIndex&quot;: &quot;$endColumnIndex&quot;,&#xA;  }&#xA;      #else&#xA;     &quot;a1Range&quot;: &quot;$a1Range&quot;&#xA;      #end&#xA;  &#xA;    }&#xA;  ],&#xA;  &quot;majorDimension&quot;: &quot;$majorDimension&quot;,&#xA;  &quot;valueRenderOption&quot;: &quot;$valueRenderOption&quot;,&#xA;  &quot;dateTimeRenderOption&quot;: &quot;$dateTimeRenderOption&quot;,&#xA;}" description="" encode="false" format="" formatvalue="" name="message" order="" sms-name="" src="" sourcevalue="" srcformatvalue="" target="" targetdatatype="" value="{&#xA;  &quot;dataFilters&quot;: [&#xA;     {&#xA;&#x9;&#x9;#if (&quot;$a1Range&quot; == &quot;&quot;)&#xA;      &quot;gridRange&quot;: {&#xA;    &quot;sheetId&quot;: &quot;$sheetId&quot;,&#xA;  &quot;startRowIndex&quot;: &quot;$startRowIndex&quot;,&#xA;  &quot;endRowIndex&quot;: &quot;$endRowIndex&quot;,&#xA;  &quot;startColumnIndex&quot;: &quot;$startColumnIndex&quot;,&#xA;  &quot;endColumnIndex&quot;: &quot;$endColumnIndex&quot;,&#xA;  }&#xA;      #else&#xA;     &quot;a1Range&quot;: &quot;$a1Range&quot;&#xA;      #end&#xA;  &#xA;    }&#xA;  ],&#xA;  &quot;majorDimension&quot;: &quot;$majorDimension&quot;,&#xA;  &quot;valueRenderOption&quot;: &quot;$valueRenderOption&quot;,&#xA;  &quot;dateTimeRenderOption&quot;: &quot;$dateTimeRenderOption&quot;,&#xA;}">
            <accessType></accessType>
        </template-param>
    </service-input>
    <service-output passthrough="true"/>
</service>
